SR_ID_Pub3,Total_Trials_Pub3,Total_Participants_Pub3,PublicationDate_Pub3,SearchDate_Pub3,SearchDate_Pub2,Total_Trials_Pub2,Total_Participants_Pub2,conclusion
27003123,5,1854,22-Mar-16,30-Sep-15,27-Jun-12,2,2,1
26649916,4,430,9-Dec-15,31-Oct-15,31-Aug-09,2,3,0
22786500,6,454,11-Jul-12,20-Feb-12,16-Feb-10,6,3,0
27911487,2,5,2-Dec-16,1-Jun-15,31-May-11,2,5,0
25233847,1,7,19-Sep-14,31-Mar-14,31-Oct-10,1,7,0
27223580,10,50,25-May-16,30-Jun-15,15-Aug-12,9,8,1
26545165,1,9,4-Nov-15,27-Jul-15,21-Jan-13,1,9,0
25310725,1,10,13-Oct-14,8-Jul-14,10-May-11,1,10,0
23450573,2,10,28-Feb-13,31-Oct-12,31-Jan-10,2,10,0
22161399,1,10,7-Dec-11,8-Mar-11,30-Sep-30,1,10,0
23450579,1,12,28-Feb-13,31-Jul-12,30-Apr-10,1,12,0
30259968,2,14,27-Sep-18,26-Feb-18,1-Oct-13,2,14,0
29112241,1,14,7-Nov-17,31-Aug-17,7-Apr-14,1,14,0
26284429,5,15,18-Aug-15,30-Mar-15,30-Sep-10,4,15,0
26690687,2,16,21-Dec-15,23-Mar-15,31-Aug-12,2,16,0
22419283,1,17,14-Mar-12,1-Sep-11,2-Dec-09,1,17,0
25565627,3,180,7-Jan-15,31-Jul-15,31-Mar-11,2,19,0
30113083,1,20,16-Aug-18,23-May-18,3-Jul-15,1,20,0
23999944,1,20,2-Sep-13,2-Jul-13,31-May-10,1,20,0
23543560,1,21,28-Mar-13,31-Aug-09,31-Aug-09,1,21,0
26041152,1,22,4-Jun-15,3-Jun-15,5-Jul-12,1,22,0
26558329,3,175,12-Nov-15,14-Jan-15,31-Oct-10,1,24,1
26111021,1,24,25-Jun-15,26-Mar-15,10-May-12,1,24,0
26816298,1,12,27-Jan-16,22-Sep-15,31-Oct-09,1,25,0
24526345,3,48,14-Feb-14,31-Jan-14,28-Feb-11,1,25,0
28245347,5,44,28-Feb-17,31-Jul-16,30-Apr-13,4,26,0
22513953,1,29,18-Apr-12,11-Jul-11,17-Dec-08,1,29,0
28406263,3,88,13-Apr-17,28-Feb-16,31-May-12,1,30,1
22419318,1,30,14-Mar-12,30-Sep-11,11-May-09,1,30,0
21563152,1,30,11-May-11,31-Jan-11,31-Jul-08,1,30,0
26488459,1,32,21-Oct-15,10-Aug-15,19-Aug-13,1,32,0
23633357,2,32,30-Apr-13,11-Oct-12,15-Apr-10,2,32,0
23440820,1,33,31-Jan-13,13-Feb-12,31-May-09,1,33,0
26978005,4,35,15-Mar-16,7-Mar-16,10-Jan-13,4,35,0
26510094,1,37,28-Oct-15,11-Aug-15,31-Aug-12,1,37,0
23543554,4,37,28-Mar-13,31-Dec-09,31-Dec-09,4,37,0
22258941,7,323,18-Jan-12,30-Jun-10,31-May-07,4,38,0
25741986,2,78,5-Mar-15,19-Nov-14,2-Aug-12,1,39,0
25561247,2,52,5-Jan-15,27-Oct-14,20-Feb-12,2,40,0
21563150,5,40,11-May-11,13-Apr-11,9-Sep-10,5,40,0
22972102,2,44,12-Sep-12,13-Jun-12,31-Mar-10,2,44,0
25261861,1,45,27-Sep-14,31-Mar-14,28-Jun-10,1,45,0
23633352,1,46,30-Apr-13,25-Jan-13,2-Feb-11,1,46,0
25314586,8,437,14-Oct-14,12-Aug-13,30-Apr-07,1,47,0
21975769,2,47,5-Oct-11,30-Apr-11,31-Jul-08,2,47,0
25929694,12,141,1-May-15,30-Nov-14,30-Apr-13,5,48,0
23543531,2,48,28-Mar-13,1-May-12,31-Dec-08,2,48,0
26590358,2,100,21-Nov-15,30-Sep-15,31-Jan-13,2,50,0
26241793,4,50,4-Aug-15,12-May-15,31-Mar-10,4,50,0
23728676,3,40,31-May-13,30-Jul-12,31-Jul-10,3,50,0
23728653,2,52,31-May-13,2-Jul-12,31-Aug-07,2,52,0
28799164,3,254,11-Aug-17,31-Jan-17,30-Apr-10,1,53,1
28141912,4,204,31-Jan-17,31-Dec-15,31-Aug-11,3,53,0
23450584,4,53,28-Feb-13,28-Aug-12,5-Jul-10,4,53,0
22513949,3,53,18-Apr-12,15-Feb-12,14-Mar-11,3,53,0
29676439,10,357,20-Apr-18,31-Mar-17,5-Dec-13,4,55,0
26591003,7,106,23-Nov-15,31-Mar-15,31-Oct-12,5,55,0
25427003,2,93,26-Nov-14,23-Jun-14,31-Jul-09,1,55,1
23737086,3,56,5-Jun-13,28-Jun-12,9-Jun-10,3,56,0
28675262,1,58,4-Jul-17,2-Feb-17,14-Jun-10,1,58,0
24954057,3,59,23-Jun-14,31-Mar-14,28-Feb-08,3,59,0
23904069,6,541,31-Jul-13,31-Jan-13,31-Aug-07,1,61,0
23633373,1,61,30-Apr-13,31-Dec-12,30-Nov-11,1,61,0
23543561,1,61,28-Mar-13,30-Nov-12,31-Jan-11,1,61,0
26482210,2,64,19-Oct-15,27-Apr-15,15-May-13,2,64,0
26263042,16,837,17-Sep-15,31-Aug-15,30-Nov-08,1,67,1
24729384,2,67,14-Apr-14,31-Jul-13,31-Jan-10,2,67,0
25501301,3,68,15-Dec-14,29-May-14,10-Jul-12,3,68,0
27388039,3,108,8-Jul-16,15-Feb-16,30-Apr-11,2,69,0
22258994,2,70,18-Jan-12,31-Dec-10,31-Dec-10,2,70,0
22161428,4,463,7-Dec-11,1-Aug-11,30-Apr-10,2,71,0
24497383,2,1305,5-Feb-14,31-Dec-13,21-Sep-10,1,74,1
24258092,8,180,21-Nov-13,8-Jul-13,28-Jun-11,8,75,0
23813478,2,75,30-Jun-13,31-Mar-13,31-Mar-08,1,75,1
27230550,1,77,27-May-16,28-Feb-16,28-Feb-07,1,77,0
26299681,3,79,24-Aug-15,30-Jun-15,31-May-12,3,79,0
24482008,3,229,30-Jan-14,31-May-13,31-Jan-08,2,79,1
28434203,3,83,23-Apr-17,21-Feb-17,2-Nov-15,3,83,0
23737089,4,111,5-Jun-13,26-Jul-12,26-Aug-10,3,84,0
24896368,2,88,4-Jun-14,31-Oct-13,30-Sep-11,2,88,0
28158933,1,90,4-Feb-17,30-Apr-16,31-Dec-13,1,90,0
27498707,1,91,8-Aug-16,18-May-16,4-Dec-13,2,91,0
22895953,2,756,15-Aug-12,4-Apr-12,31-Mar-08,1,94,1
26688006,8,97,21-Dec-15,2-Jun-15,4-Feb-13,8,97,0
26384333,7,447,18-Sep-15,31-Mar-15,30-Jun-09,5,97,0
28005272,1,72,22-Dec-16,30-May-16,31-Oct-13,2,98,0
26986179,6,125,17-Mar-16,12-Jan-16,31-May-12,4,102,0
25089848,1,102,4-Aug-14,23-Jul-14,27-Jan-12,1,102,0
24310855,1,35,6-Dec-13,9-Aug-13,3-Mar-11,1,104,0
24683009,5,105,30-Mar-14,2-Dec-13,30-Sep-11,5,105,0
19821364,1,106,7-Oct-09,26-Feb-08,26-Feb-08,1,106,0
25812932,16,837,17-Sep-15,31-Aug-15,31-Jan-10,6,108,1
22419319,2,268,14-Mar-12,31-Jan-12,30-Apr-09,1,108,0
20927748,3,289,6-Oct-10,30-Nov-09,30-Apr-07,2,109,1
25968066,2,110,13-May-15,28-Feb-15,31-May-09,2,110,0
29742275,5,219,9-May-18,31-Aug-17,22-Nov-11,5,116,0
29546732,1,117,16-Mar-18,17-Nov-17,7-Dec-15,1,117,0
26403154,1,117,25-Sep-15,26-Mar-15,13-Feb-12,1,117,0
24226506,1,117,13-Nov-13,31-May-13,4-Aug-11,1,117,0
25069726,4,121,29-Jul-14,31-Jan-14,27-Jan-12,4,121,0
20238344,6,121,17-Mar-10,31-Jan-09,31-Jan-09,6,121,0
24027118,6,122,11-Sep-13,31-Mar-13,6-May-08,6,122,0
20091602,2,123,20-Jan-10,31-May-09,30-Apr-08,2,123,0
20824851,3,126,8-Sep-10,31-Mar-10,28-Feb-08,3,126,0
23737088,5,127,5-Jun-13,22-Feb-13,6-Oct-10,5,127,0
26935713,3,100,3-Mar-16,30-Nov-15,31-May-08,3,129,1
24558013,1,129,20-Feb-14,30-Mar-13,10-Jan-11,1,129,0
26820557,7,359,28-Jan-16,30-Nov-15,31-Jan-08,3,130,0
23450582,2,130,28-Feb-13,31-Oct-12,30-Sep-10,1,130,0
27562563,1,132,26-Aug-16,30-May-16,30-Jun-12,1,132,0
26522473,1,132,2-Nov-15,27-Jul-15,8-Jul-13,1,132,0
25102015,10,475,7-Aug-14,29-Aug-13,9-Sep-10,5,132,1
28476075,5,213,5-May-17,22-Sep-16,30-Jun-09,2,136,0
28755534,7,190,29-Jul-17,31-May-17,31-Mar-11,5,139,0
28262916,4,141,6-Mar-17,10-Oct-16,10-Feb-14,4,141,0
24519736,1,141,12-Feb-14,31-May-13,25-Mar-11,1,141,0
28333365,5,309,23-Mar-17,28-Aug-15,31-Mar-08,3,144,0
23235638,3,145,12-Dec-12,15-Oct-12,4-Aug-10,3,145,0
26083192,1,146,17-Jun-15,31-Oct-14,28-Feb-09,1,146,0
22419312,1,146,14-Mar-12,31-Dec-11,31-Mar-09,1,146,0
24984156,3,149,1-Jul-14,17-Mar-14,22-Dec-11,3,149,0
23633329,21,2222,30-Apr-13,11-Sep-12,31-Dec-08,2,150,0
25036694,3,153,18-Jul-14,24-Jul-13,6-Dec-10,3,153,0
23543527,1,154,28-Mar-13,8-Feb-12,31-Jul-07,1,154,0
23740766,6,157,6-Jun-13,30-Apr-13,10-Jun-11,6,157,0
23450583,2,157,28-Feb-13,30-Apr-10,30-Apr-10,2,157,0
24302466,16,511,4-Dec-13,4-Sep-11,9-Sep-07,4,158,1
25991406,4,161,20-May-15,11-Feb-15,15-May-13,4,161,0
23955465,5,167,17-Aug-13,31-Mar-13,28-Jan-11,5,167,0
22696366,1,167,13-Jun-12,29-Feb-12,30-Apr-08,1,167,0
25922864,3,168,18-Feb-15,27-Aug-14,31-Jan-12,3,168,0
25485858,6,168,8-Dec-14,31-Aug-12,31-Aug-12,6,168,0
26797965,1,170,21-Jan-16,28-Aug-15,28-Nov-13,1,170,0
23235634,5,214,12-Dec-12,31-Jan-12,31-Jul-08,4,174,0
23450581,5,382,28-Feb-13,25-May-12,10-Jun-09,4,176,1
23963766,3,524,21-Aug-13,31-Jul-13,10-May-10,1,177,0
29697138,10,898,26-Apr-18,18-Jul-17,30-Apr-10,4,178,0
23235653,2,179,12-Dec-12,29-Jun-12,7-May-10,2,179,0
24151035,2,318,23-Oct-13,31-Aug-13,31-May-09,1,181,1
25202988,6,183,9-Sep-14,2-Sep-14,17-May-12,6,183,0
24578236,8,183,27-Feb-14,15-Jan-14,6-Apr-11,8,183,0
22161366,7,183,7-Dec-11,30-Apr-03,31-Mar-07,7,183,0
23728670,3,1448,31-May-13,30-Nov-12,31-Mar-10,3,185,1
22336832,1,186,15-Feb-12,25-Oct-11,28-Oct-10,1,186,0
22336817,4,186,15-Feb-12,31-Dec-11,15-Dec-08,4,186,0
26709672,11,288,28-Dec-15,15-Jun-15,31-May-08,9,188,1
26282194,8,218,17-Aug-15,30-Jun-14,31-Jul-10,7,189,0
24957634,2,189,24-Jun-14,31-Jan-14,31-Aug-08,2,189,0
25419599,4,190,24-Nov-14,4-Sep-14,2-Aug-12,4,190,0
24777492,2,190,29-Apr-14,31-Jan-14,31-Aug-08,2,190,0
23728666,4,238,31-May-13,31-Mar-13,30-Nov-09,3,190,0
27107610,3,192,24-Apr-16,4-May-15,20-Oct-11,3,192,0
26221993,1,200,26-Jul-15,20-May-15,8-Jun-12,1,200,0
26250103,12,650,7-Aug-15,31-May-15,31-Mar-11,4,202,1
27552363,2,203,23-Aug-16,30-Sep-15,31-May-11,2,203,0
26297797,18,633,22-Aug-15,30-Sep-14,31-Mar-09,8,203,1
25062018,4,203,25-Jul-14,29-Nov-13,31-Dec-11,4,203,0
22258972,3,203,18-Jan-12,30-Nov-11,9-Dec-09,3,203,0
26468973,5,285,15-Oct-15,31-Jul-15,30-Nov-10,3,204,1
26176166,13,484,15-Jul-15,29-Jul-14,30-Jun-11,7,205,0
20614437,4,511,7-Jul-10,30-Jun-10,31-Jan-08,2,205,0
23152263,6,208,14-Nov-12,31-Dec-10,31-Dec-10,6,208,0
23852992,9,252,12-Jul-13,13-Jun-13,8-Oct-10,8,212,0
24343585,4,92,16-Dec-13,9-Aug-13,25-Aug-10,3,219,0
24809816,16,2181,9-May-14,13-Jun-12,20-Jun-06,4,222,1
22895976,3,223,15-Aug-12,30-Apr-12,7-May-10,3,223,0
24343792,7,346,17-Dec-13,24-Jul-13,17-Jan-11,4,224,0
24323411,7,226,9-Dec-13,31-Aug-13,31-May-11,7,226,0
22513903,7,320,18-Apr-12,15-Feb-12,29-Oct-08,5,228,0
25198249,4,229,8-Sep-14,22-Aug-13,23-Feb-11,4,229,0
26116828,13,434,28-Jun-15,10-Mar-15,29-Nov-10,7,231,0
23076946,5,233,17-Oct-12,30-Nov-11,30-Nov-11,5,233,1
29144545,9,229,16-Nov-17,6-May-16,30-Nov-06,5,237,1
25950424,7,16,7-May-15,27-Jun-14,31-Dec-08,3,238,1
23450563,2,238,28-Feb-13,30-Sep-12,31-Mar-10,2,238,0
25019293,17,263,13-Jul-14,17-Mar-14,15-Feb-12,16,246,0
26932818,3,271,2-Mar-16,30-Jun-15,31-May-13,2,251,0
26684281,2,287,18-Dec-15,28-Sep-15,6-Dec-12,1,253,0
26461493,3,353,13-Oct-15,31-May-15,31-May-12,2,253,0
27465317,5,690,28-Jul-16,6-Nov-13,6-Nov-13,3,254,1
22161400,6,373,7-Dec-11,8-Mar-11,30-Sep-30,4,255,0
23543518,3,262,28-Mar-13,31-May-12,30-Jun-08,3,262,0
25088229,5,366,4-Aug-14,31-Jul-13,31-Oct-10,4,266,0
26286189,5,268,19-Aug-15,31-Mar-15,30-Nov-12,5,268,0
26107113,4,388,24-Jun-15,7-May-15,28-Oct-10,4,268,0
27501304,5,269,8-Aug-16,5-Jan-16,8-Mar-12,5,269,1
24114291,8,269,10-Oct-13,31-Jul-13,30-Nov-10,8,269,0
25284270,9,386,6-Oct-14,30-Jun-14,31-Dec-09,5,271,0
23440807,2,273,31-Jan-13,31-Jan-12,31-Jan-07,1,273,0
25927099,37,522,12-Feb-15,31-Oct-13,31-Mar-10,19,276,0
23959778,9,314,20-Aug-13,31-Mar-13,31-Dec-09,7,276,0
26822633,4,277,29-Jan-16,30-Sep-15,31-Jan-13,4,277,0
26086959,8,778,18-Jun-15,28-Feb-15,31-Jul-08,2,283,1
25884249,12,433,17-Apr-15,26-Mar-15,31-Dec-06,7,284,0
24379104,8,284,30-Dec-13,4-Dec-12,23-Nov-10,7,284,1
30117156,18,314,17-Aug-18,12-Jul-17,30-Nov-11,13,286,1
28573757,17,1420,2-Jun-17,31-Jan-17,31-Oct-09,6,287,0
23846831,20,850,11-Jul-13,30-Nov-12,30-Jun-06,9,291,0
25946084,10,811,6-May-15,28-Feb-15,30-Sep-09,4,294,0
24307487,8,1499,4-Dec-13,31-Mar-13,31-May-09,4,296,0
23440815,4,301,31-Jan-13,10-Nov-12,30-Apr-09,4,301,0
24482121,8,678,31-Jan-14,31-Aug-13,31-Mar-09,4,307,0
22258973,4,374,18-Jan-12,31-Jul-11,31-Jan-09,3,308,0
27153248,8,1036,6-May-16,30-Nov-15,28-Feb-11,5,311,0
25491891,8,543,10-Dec-14,31-Jul-14,30-Apr-11,7,315,1
27344135,3,401,26-Jun-16,31-Oct-15,31-May-11,2,316,0
24488654,10,316,3-Feb-14,5-Sep-13,21-Jul-11,10,316,0
26331392,4,317,3-Sep-15,31-Mar-15,31-Jul-13,4,317,0
24913720,15,428,10-Jun-14,22-Aug-13,9-Oct-09,11,317,0
23900970,11,611,31-Jul-13,31-May-13,30-Jun-10,7,319,0
23846738,2,319,11-Jul-13,30-Jun-13,29-Feb-12,2,319,0
22696362,19,666,13-Jun-12,31-Jul-11,31-Oct-07,11,321,1
22972086,6,535,12-Sep-12,28-Feb-12,31-Oct-06,5,322,1
23152232,38,356,14-Nov-12,31-Jul-11,30-Sep-07,31,332,1
23853046,4,320,13-Jul-13,31-May-13,28-Feb-11,4,333,0
23152209,13,334,14-Nov-12,3-Sep-12,4-Aug-10,13,334,0
24919591,10,432,12-Jun-14,31-Oct-13,31-Jan-10,8,336,0
28240353,12,337,27-Feb-17,30-Nov-16,16-Sep-14,12,337,0
28635028,9,519,21-Jun-17,30-Sep-16,30-Sep-12,7,340,0
28368090,11,1486,3-Apr-17,31-Oct-16,26-Nov-07,8,341,0
28094851,5,2473,17-Jan-17,4-Apr-16,28-Jan-13,3,342,0
26599079,15,1006,24-Nov-15,3-Feb-15,10-Jan-08,12,342,0
29766487,7,402,16-May-18,30-Jun-17,31-Oct-10,6,345,0
22895968,4,493,15-Aug-12,28-Feb-12,30-Nov-09,3,350,0
25716704,6,344,26-Feb-15,31-Oct-14,31-Aug-10,5,352,0
24879341,3,240,30-May-14,29-Jan-14,31-Dec-08,3,354,0
23794322,3,354,24-Jun-13,15-May-13,6-Apr-11,3,354,0
28707404,8,355,14-Jul-17,17-Feb-17,1-Feb-15,2,355,0
19160214,7,362,21-Jan-09,31-Dec-06,31-Dec-06,7,362,0
18646126,13,363,16-Jul-08,15-Dec-05,15-Dec-05,13,363,1
24006231,9,366,5-Sep-13,30-Apr-13,30-Apr-13,9,366,0
23450571,6,402,28-Feb-13,11-Sep-12,7-Apr-10,5,366,0
23235649,18,397,12-Dec-12,2-Aug-12,5-Aug-10,17,367,0
21328252,7,367,16-Feb-11,10-Dec-10,31-Dec-07,7,367,0
26580100,5,369,18-Nov-15,31-Jul-15,10-Oct-11,5,369,0
20556749,8,370,16-Jun-10,24-Feb-10,31-Aug-07,8,369,1
29178172,16,719,27-Nov-17,30-Jun-17,31-Mar-15,11,370,0
27045603,5,373,5-Apr-16,31-Oct-11,31-Oct-11,5,373,1
26280888,5,1503,17-Aug-15,4-Aug-15,28-Feb-12,4,373,0
23913547,8,416,3-Aug-13,31-Jan-13,31-May-10,7,375,0
23799857,6,375,25-Jun-13,30-Apr-13,4-Jan-12,6,375,0
23235621,3,386,12-Dec-12,16-Jul-12,31-Oct-09,3,386,0
29341067,13,438,17-Jan-18,30-Apr-17,31-Mar-10,11,387,0
23963794,4,535,21-Aug-13,31-Jul-12,28-Feb-10,3,387,0
20091608,12,437,20-Jan-10,31-Mar-09,30-Sep-07,11,389,0
24788977,6,661,1-May-14,31-Oct-13,31-Aug-10,2,392,1
21735418,6,394,6-Jul-11,22-Apr-11,31-Mar-09,6,394,0
28157274,12,1967,3-Feb-17,4-Feb-16,24-Jun-10,6,396,0
22592722,2,397,16-May-12,30-Nov-08,30-Nov-08,2,397,0
29589380,14,1095,28-Mar-18,30-Jun-17,30-Jun-11,6,401,0
25054949,14,623,23-Jul-14,7-Apr-14,31-Aug-08,8,403,0
25701429,2,408,21-Feb-15,8-Sep-14,6-Aug-12,2,408,0
25075589,13,3081,30-Jul-14,31-Jan-14,31-Jul-10,5,413,0
25493690,18,4323,10-Dec-14,31-Oct-14,31-Mar-08,4,418,1
23728634,4,422,31-May-13,31-Jan-13,31-May-10,4,422,0
21975749,9,427,5-Oct-11,31-Mar-10,31-Mar-10,9,427,0
23235642,11,2660,12-Dec-12,30-Jun-12,16-Apr-09,4,430,1
23152242,2,663,14-Nov-12,28-Jul-08,28-Jul-08,1,431,0
23450566,2,5455,28-Feb-13,15-Jan-12,30-Nov-07,1,432,0
24894643,4,436,4-Jun-14,10-Jan-14,14-May-09,4,436,0
28236296,19,1398,25-Feb-17,8-Mar-16,17-May-12,9,437,1
23846869,5,446,12-Jul-13,30-Apr-13,10-Jun-11,5,446,0
25620061,3,323,26-Jan-15,31-Jul-14,31-May-09,4,448,0
22972093,6,560,12-Sep-12,28-Feb-12,31-May-08,5,453,0
18677781,5,459,16-Jul-08,30-Apr-08,28-Feb-07,5,459,0
26996760,32,748,21-Mar-16,28-Feb-15,31-Mar-13,15,463,1
26661741,2,467,10-Dec-15,16-Feb-15,1-May-12,2,467,0
26517527,11,1317,30-Oct-15,30-Jun-15,31-May-98,8,467,1
21975772,4,467,5-Oct-11,30-Apr-11,30-Nov-08,4,467,0
23904194,10,502,1-Aug-13,31-Aug-12,28-Feb-07,9,470,0
25406011,9,539,18-Nov-14,15-Oct-14,30-Sep-08,6,475,1
22972067,5,481,12-Sep-12,31-Jul-11,31-Jan-07,5,481,0
23884904,10,1139,24-Jul-13,17-Jul-12,31-Mar-10,5,484,1
28230908,21,1386,17-Sep-15,30-Jun-16,30-Apr-11,7,485,1
24297303,12,508,2-Dec-13,28-Feb-13,31-Aug-10,11,495,0
28626902,6,496,19-Jun-17,31-Jan-17,31-Jul-14,6,496,0
23152254,6,496,14-Nov-12,31-Aug-12,31-Aug-09,6,496,0
20091500,14,496,20-Jan-10,30-Jun-09,30-Jun-09,14,496,0
28267223,9,3948,7-Mar-17,30-Nov-16,30-Nov-08,1,500,0
28602020,10,594,11-Jun-17,30-Nov-16,6-Aug-13,9,506,0
25117413,14,607,12-Aug-14,29-Apr-13,30-Apr-11,13,507,0
23440813,5,507,31-Jan-13,31-Aug-12,30-Sep-08,5,507,0
29944175,8,510,26-Jun-18,30-Sep-17,31-Jul-09,8,510,0
23908052,1,510,2-Aug-13,31-May-13,16-Jun-10,1,510,0
23922167,5,535,6-Aug-13,30-Apr-13,4-Jan-12,4,511,0
24122673,1,513,13-Oct-13,31-Jul-13,30-Jun-08,1,513,0
23633347,9,571,30-Apr-13,2-Aug-12,30-Nov-09,7,517,0
28439881,40,1196,25-Apr-17,30-Nov-16,30-Nov-11,20,518,0
25222766,13,531,15-Sep-14,4-Sep-14,28-Jun-12,13,531,0
23450537,10,1127,28-Feb-13,18-Oct-12,28-Feb-09,7,535,0
26391969,2,536,22-Sep-15,31-Aug-15,30-Nov-12,2,536,1
27404120,1,548,12-Jul-16,30-Apr-16,27-Feb-12,1,548,0
23152235,6,553,14-Nov-12,8-Feb-12,11-Sep-09,6,553,0
24956457,12,555,23-Jun-14,2-Jun-14,31-Dec-11,12,555,0
22161401,12,891,7-Dec-11,28-Feb-11,28-Feb-08,6,563,1
24760678,6,1543,23-Apr-14,31-Mar-14,30-Nov-10,5,564,1
29993119,64,2024,11-Jul-18,16-Aug-17,30-Jun-11,16,567,1
26079202,12,2029,16-Jun-15,28-Jan-15,15-Feb-11,2,580,1
30096215,8,1871,10-Aug-18,20-Sep-17,31-Aug-11,3,583,1
25698124,1,585,20-Feb-15,31-Aug-13,31-Jan-10,1,585,0
24719027,10,475,10-Apr-14,28-Feb-14,30-Jun-10,15,605,0
23450572,3,605,28-Feb-13,30-Nov-12,31-May-10,3,605,0
24222365,4,1439,12-Nov-13,30-Jun-13,31-Dec-08,3,612,1
24599680,7,696,5-Mar-14,28-Feb-13,30-Jun-07,7,614,1
25942496,8,1168,5-May-15,30-Jun-14,30-Jun-11,4,617,0
26446577,42,682,8-Oct-15,30-Jun-15,30-Jun-08,19,619,1
24282143,6,1246,27-Nov-13,31-Oct-13,31-Jul-08,4,619,0
26593309,5,620,23-Nov-15,30-Nov-14,31-Mar-12,5,620,0
23980026,8,141,27-Aug-13,31-Jul-12,31-Mar-08,23,622,1
25604891,6,1009,21-Jan-15,31-Oct-14,31-May-11,5,623,0
25984923,13,675,18-May-15,21-Jul-14,1-Oct-10,12,625,1
23633335,2,630,30-Apr-13,31-Oct-12,31-Mar-07,2,630,0
22161398,23,1352,7-Dec-11,20-Jan-11,31-Dec-07,12,632,0
29523018,16,1036,10-Mar-18,31-Mar-17,31-Aug-11,9,635,1
25420475,8,807,25-Nov-14,21-Mar-14,1-Mar-11,6,637,0
29741752,6,710,9-May-18,30-Jun-17,28-Feb-14,5,642,0
28231607,5,662,24-Feb-17,19-Sep-16,30-Jun-12,5,662,0
23633333,16,1565,30-Apr-13,30-Jun-12,15-Jan-09,8,662,1
22419328,9,667,14-Mar-12,30-Sep-11,31-Aug-09,9,667,0
25581416,8,1977,12-Jan-15,31-Dec-10,31-Dec-10,4,673,1
22786502,5,410,11-Jul-12,30-Sep-08,30-Sep-08,8,673,1
25470303,4,675,3-Dec-14,30-Jun-14,30-Nov-11,4,675,0
22592713,24,910,16-May-12,31-Jan-12,31-Jan-07,20,686,1
30039850,4,294,24-Jul-18,7-Aug-17,28-Feb-11,2,691,1
24913721,9,1050,10-Jun-14,9-Oct-13,11-Feb-09,5,696,0
23152206,8,705,14-Nov-12,9-May-12,31-Dec-16,8,699,0
23897485,4,701,29-Jul-13,30-Jun-08,28-Feb-11,4,701,0
18843675,9,716,8-Oct-08,27-Feb-08,27-Feb-08,9,716,1
23543552,11,777,28-Mar-13,20-Aug-12,30-Sep-09,9,717,0
27356171,11,829,29-Jun-16,28-Feb-16,30-Sep-11,10,729,0
23970444,3,739,22-Aug-13,30-Jun-12,31-Jan-09,3,739,1
19160290,4,962,21-Jan-09,31-May-08,31-Mar-07,3,741,0
27351423,13,724,28-Jun-16,30-Jun-15,28-Feb-10,8,744,0
25004278,4,747,8-Jul-14,20-Jan-14,27-Oct-08,3,747,0
24956204,6,1205,23-Jun-14,31-Aug-13,30-Sep-08,4,752,0
23235575,23,1139,12-Dec-12,31-Jan-12,31-Mar-10,16,759,1
27192949,9,2667,19-May-16,30-Sep-15,11-Jan-12,7,765,0
22895932,33,769,15-Aug-12,31-Dec-10,31-Dec-10,33,769,1
28378924,11,1371,5-Apr-17,31-Jan-16,4-Jul-12,8,784,1
21154361,5,787,8-Dec-10,28-Feb-10,30-Sep-06,5,787,0
23744597,14,788,6-Jun-13,31-Mar-13,3-Feb-09,14,788,0
26436959,14,2058,5-Oct-15,2-Feb-15,30-Nov-07,6,794,1
26121003,5,796,29-Jun-15,30-Apr-15,30-Nov-12,5,796,0
23440808,2,815,31-Jan-13,31-Oct-12,31-May-10,2,815,0
30095170,5,1292,10-Aug-18,7-May-18,31-Mar-13,5,820,0
24515630,20,1031,11-Feb-14,28-May-13,31-Oct-10,14,820,1
28933805,19,630,21-Sep-17,30-Jun-16,31-May-11,14,821,0
26377410,16,837,17-Sep-15,31-Aug-15,2-Oct-14,16,837,1
24676557,7,921,28-Mar-14,31-Oct-12,30-Nov-09,6,841,0
19160263,3,853,21-Jan-09,30-Jun-08,30-Jun-08,3,853,0
25375222,3,857,6-Nov-14,26-Jun-14,28-Mar-12,3,857,0
24574099,6,1166,27-Feb-14,18-Nov-09,30-Nov-09,4,868,0
28791693,10,1088,9-Aug-17,31-Jan-17,31-Aug-11,8,870,0
26282071,19,1064,18-Aug-15,31-Oct-14,31-Jan-08,14,878,0
23813336,8,1644,29-Jun-13,31-May-09,31-May-09,6,902,0
20614441,10,1025,26-Nov-14,30-Oct-09,31-Mar-07,9,905,1
25924805,18,1456,30-Apr-15,28-Feb-15,30-Sep-07,17,910,0
23733384,9,918,4-Jun-13,30-Apr-13,30-Apr-11,9,918,0
26075732,19,1334,15-Jun-15,3-Dec-14,31-Jan-07,12,919,0
27049331,3,1263,6-Apr-16,23-Mar-16,6-Oct-11,2,920,1
29199767,5,1019,2-Dec-17,21-Nov-16,30-Oct-12,4,922,1
30075059,4,13,3-Aug-18,14-Jun-17,30-Jun-09,1,942,0
25054950,8,1074,23-Jul-14,14-Oct-13,11-Mar-10,8,947,0
24500879,6,948,5-Feb-14,30-Nov-13,31-Dec-11,6,948,0
25203307,4,957,9-Sep-14,4-Sep-14,1-Mar-12,4,957,0
23076933,5,960,17-Oct-12,8-Aug-12,30-Nov-09,5,960,0
26787125,6,964,20-Jan-16,28-Feb-15,31-Mar-13,6,964,0
23771707,3,996,17-Jun-13,30-May-13,19-Apr-11,3,996,0
26836199,16,837,17-Sep-15,31-Aug-15,28-Feb-08,29,1006,1
24664368,5,1193,25-Mar-14,28-Feb-14,30-Jun-11,4,1008,0
23986434,22,1742,28-Aug-13,30-Jun-13,30-Sep-22,15,1020,1
29985541,19,1557,9-Jul-18,19-May-17,5-Sep-14,12,1021,0
26765344,15,2959,14-Jan-16,23-Feb-15,31-Oct-11,6,1023,1
25405603,3,1027,18-Nov-14,30-Sep-14,28-Feb-12,3,1027,0
29708265,9,2976,30-Apr-18,31-Jan-18,31-May-10,4,1056,1
28756627,12,1508,30-Jul-17,24-Oct-16,18-Feb-13,10,1061,0
24941199,16,1035,18-Jun-14,19-Dec-13,30-Sep-07,13,1070,0
27000210,3,1076,22-Mar-16,31-Aug-15,30-Sep-11,3,1072,0
26487173,3,306,21-Oct-15,4-Mar-15,30-Sep-11,3,1072,0
25038719,38,1179,20-Jul-14,13-Jan-14,31-Dec-10,37,1072,0
23235641,6,1078,12-Dec-12,31-Aug-12,31-Mar-09,6,1078,0
24915581,21,1275,10-Jun-14,30-Sep-13,31-Aug-11,15,1084,0
23990333,12,1557,29-Aug-13,13-Feb-13,31-Jan-08,10,1089,0
24570033,11,1198,25-Feb-14,30-Jun-13,10-May-07,10,1112,0
30091808,20,2554,9-Aug-18,31-Aug-17,25-Feb-10,7,1116,0
29934987,11,1543,23-Jun-18,12-Apr-18,26-Aug-15,9,1138,0
19821360,6,1835,7-Oct-09,28-Feb-09,31-Dec-06,4,1138,1
26859528,7,469,9-Feb-16,30-Mar-15,30-Jun-11,17,1151,0
24825542,21,1438,13-May-14,31-Aug-13,31-May-08,19,1154,0
23728654,32,3005,31-May-13,20-Apr-11,30-Apr-05,21,1156,1
22592672,51,1545,16-May-12,30-Jun-11,30-Apr-09,41,1164,0
26895968,10,3817,20-Feb-16,30-Nov-14,31-Aug-11,5,1186,0
25738821,8,1288,4-Mar-15,31-Jan-12,30-Sep-12,6,1187,0
26017576,8,1192,28-May-15,17-Oct-13,31-Aug-11,8,1192,0
27271056,6,2050,6-Jun-16,30-Apr-15,31-Jul-10,3,1199,1
26200817,13,1863,22-Jul-15,17-Feb-15,31-Jul-12,11,1201,0
28933516,13,6702,21-Sep-17,31-Mar-17,30-Nov-14,8,1211,1
25626888,4,1219,28-Jan-15,30-Nov-10,30-Nov-10,4,1220,0
26133313,12,1731,2-Jul-15,31-May-14,31-Jan-08,3,1223,1
22696317,4,1283,13-Jun-12,31-Jan-12,31-Aug-07,3,1244,0
23794255,8,1271,23-Jun-13,23-Feb-13,30-Apr-11,8,1271,0
23152210,21,1565,14-Nov-12,30-Jun-12,31-May-07,17,1276,0
25433518,11,1350,30-Nov-14,11-Jun-14,11-Nov-11,10,1278,0
25425092,17,1381,26-Nov-14,22-Aug-14,31-Dec-08,16,1289,1
23450574,34,2163,28-Feb-13,31-Oct-12,30-Apr-10,21,1289,0
22419326,4,1293,14-Mar-12,31-Jan-12,31-Jan-09,4,1293,0
22895943,10,1314,15-Aug-12,31-May-12,30-Apr-09,10,1314,0
25518837,1,1315,18-Dec-14,28-Feb-14,30-Apr-11,1,1315,0
24500927,6,943,6-Feb-14,26-Apr-13,31-Jan-13,6,1319,0
21154378,5,1324,8-Dec-10,31-Oct-09,31-Oct-09,5,1324,0
24823491,21,1868,14-May-14,15-Apr-13,18-Feb-09,14,1334,0
29736980,10,1964,8-May-18,31-Aug-17,31-Jul-12,7,1335,1
25353321,29,17226,28-Oct-14,28-Feb-14,31-Jul-07,15,1340,0
25927097,6,1342,5-Feb-15,1-Dec-14,30-Sep-12,6,1342,0
26361135,32,2724,11-Sep-15,31-Aug-14,31-Jul-08,18,1343,1
30091147,5,1350,9-Aug-18,31-Oct-17,30-Nov-14,5,1350,0
22513922,6,1942,18-Apr-12,3-Jan-12,31-Dec-08,5,1354,0
23440819,5,1361,31-Jan-13,8-Aug-12,31-Dec-09,4,1361,0
23633360,5,1368,30-Apr-13,27-Sep-11,27-Sep-11,5,1368,1
25922865,4,1381,4-Feb-15,31-Oct-14,9-Mar-12,2,1369,0
21328285,16,1606,16-Feb-11,28-Feb-10,31-Jan-07,15,1369,0
22513928,11,1908,18-Apr-12,31-Jan-12,7-Jul-08,8,1373,0
25300170,4,1387,9-Oct-14,31-Mar-14,30-Nov-09,4,1387,0
24519568,19,2686,11-Feb-14,27-Nov-13,31-May-09,16,1403,0
26544951,4,1232,5-Nov-15,30-Jun-15,31-May-09,4,1422,1
23235601,37,1893,12-Dec-12,31-Mar-12,31-Aug-08,29,1432,1
26133124,6,1438,2-Jul-15,31-Dec-07,31-Dec-07,6,1438,0
26387863,3,1481,21-Sep-15,30-Jun-09,30-Jun-09,2,1443,0
21412889,16,2064,16-Mar-11,31-Oct-10,31-Dec-06,9,1450,1
26171894,19,1944,14-Jul-15,31-Oct-13,30-Jun-07,15,1471,0
22513899,9,1498,18-Apr-12,30-Nov-11,30-Nov-09,9,1498,0
27524661,52,3520,15-Aug-16,31-Jan-16,30-Sep-10,30,1553,1
23450576,6,2073,28-Feb-13,31-Dec-12,31-May-09,9,1560,1
24338106,5,1585,13-Dec-13,31-Mar-13,31-Jul-10,5,1585,0
25842375,23,1586,5-Apr-15,27-Oct-14,31-Jul-10,23,1586,0
30058070,11,2392,30-Jul-18,11-Jun-18,31-Dec-13,6,1588,1
28205208,25,2001,16-Feb-17,25-Feb-16,31-Aug-11,19,1595,1
22592711,4,1595,16-May-12,31-Dec-11,27-Apr-09,4,1595,0
24302533,12,1596,4-Dec-13,30-Nov-12,30-Apr-09,12,1596,0
24310741,8,3217,5-Dec-13,30-Jun-09,30-Jun-09,4,1607,0
29388675,6,1698,1-Feb-18,31-May-17,31-Aug-13,4,1620,0
26560337,13,1625,11-Nov-15,31-Aug-15,31-Aug-11,13,1622,0
26301604,6,1007,24-Aug-15,30-Jun-15,31-Mar-11,8,1622,0
24477672,5,1249,30-Jan-14,4-Oct-11,31-Oct-07,9,1630,1
21678357,5,1634,15-Jun-11,28-Feb-10,28-Feb-10,5,1634,0
26026155,45,5598,30-May-15,28-Apr-14,30-Jun-09,22,1665,1
23152219,11,1726,14-Nov-12,10-Jan-12,10-Jan-12,10,1665,0
23543540,4,2247,28-Mar-13,31-Jul-11,28-Feb-08,3,1687,1
21678336,4,1693,15-Jun-11,31-Jul-10,31-Jul-10,4,1693,0
26146793,17,1342,6-Jul-15,31-Mar-15,30-Sep-12,22,1708,1
23450551,67,6299,28-Feb-13,31-May-12,31-Mar-08,49,1744,1
24510642,12,1834,8-Feb-14,31-Aug-13,31-Jul-06,11,1754,0
24979199,18,2652,30-Jun-14,10-Feb-14,10-Apr-12,11,1776,1
26937872,13,4428,3-Mar-16,31-Oct-15,31-Jul-12,8,1781,0
26092137,8,1784,20-Jun-15,30-Apr-15,31-Jul-14,7,1784,0
26171895,28,2681,14-Jul-15,15-Jan-13,31-Dec-08,17,1796,0
24771319,6,1798,25-Apr-14,30-Jun-13,20-May-08,6,1798,0
29547689,4,1803,16-Mar-18,28-Feb-18,30-Nov-16,4,1803,0
24092525,32,2730,3-Oct-13,31-Jul-12,31-May-06,25,1804,0
26493180,11,3241,23-Oct-15,31-Aug-15,14-Nov-08,9,1828,1
21678361,9,1908,15-Jun-11,28-Feb-10,31-Jan-07,8,1840,0
23888428,20,4814,26-Jul-13,31-Jul-13,31-Aug-07,13,1843,0
23784858,7,1847,19-Jun-13,8-Apr-13,28-Feb-11,7,1847,0
24085642,26,2626,30-Sep-13,31-Aug-13,31-Jan-06,17,1855,1
25229990,55,3468,17-Sep-14,31-Jul-09,31-Jul-09,36,1889,0
24627325,24,2556,14-Mar-14,31-May-13,31-May-07,16,1927,0
23913521,3,1945,3-Aug-13,31-Mar-13,11-Apr-12,3,1945,0
27577848,9,1792,31-Aug-16,30-Sep-15,30-Nov-10,9,1961,1
24477710,6,2030,30-Jan-14,31-May-12,31-Jul-07,6,2030,0
27537242,37,2368,18-Aug-16,13-Jun-16,6-Nov-13,32,2053,1
23152233,61,3901,14-Nov-12,31-Mar-11,31-Jul-07,30,2089,1
23235650,6,2105,12-Dec-12,9-Jul-12,30-Apr-09,6,2105,0
28701028,23,2653,12-Jul-17,28-Feb-17,30-Sep-13,19,2119,0
25317988,2,2193,15-Oct-14,31-May-14,31-Dec-11,2,2193,0
27043279,19,2565,4-Apr-16,30-Nov-15,17-Jul-09,15,2195,0
25558862,15,2217,6-Jan-15,31-Oct-14,30-Nov-11,15,2217,0
24385423,18,3417,3-Jan-14,30-Nov-13,10-Mar-09,6,2220,1
19588321,11,2301,8-Jul-09,31-Jan-11,30-Apr-07,10,2221,1
26171903,6,2248,14-Jul-15,30-Jun-15,10-Oct-11,4,2236,0
22513934,14,2652,18-Apr-12,20-Jan-12,31-Mar-06,12,2248,0
25231904,11,2433,18-Sep-14,5-Jun-14,30-Nov-09,6,2433,0
21833953,14,4041,10-Aug-11,31-Mar-11,30-Jun-08,11,2441,0
22258950,12,2453,18-Jan-12,30-Jun-11,31-Jul-07,12,2453,0
29852056,87,4618,31-May-18,10-Aug-17,25-Oct-13,47,2479,1
25715323,12,2560,25-Feb-15,30-Nov-14,30-Jun-11,8,2490,0
22419293,8,2540,14-Mar-12,3-Jan-12,31-Jul-08,8,2540,0
23450557,25,2997,28-Feb-13,13-Jun-12,31-May-08,19,2554,1
23807762,9,2577,28-Jun-13,31-Jan-13,31-May-10,9,2577,0
24226383,6,2581,13-Nov-13,31-Oct-13,31-May-11,6,2581,0
28901007,34,2816,13-Sep-17,30-Nov-16,31-Dec-09,28,2616,0
21069678,4,7095,10-Nov-10,30-Jun-09,30-Jun-06,2,2644,1
21249679,14,3231,19-Jan-11,31-Mar-10,31-Jan-07,12,2744,1
23633353,21,2858,30-Apr-13,28-Feb-13,31-Dec-11,19,2755,0
23737030,21,3286,5-Jun-13,28-Feb-13,2-Sep-11,19,2798,0
23633349,11,3014,30-Apr-13,4-Oct-10,4-Oct-10,10,2841,1
27915460,6,2856,4-Dec-16,21-Oct-16,31-Jan-10,8,2856,0
21491396,9,2857,13-Apr-11,28-Feb-10,28-Feb-10,9,2857,0
21975733,86,4896,5-Oct-11,31-Dec-09,31-Jul-06,55,2865,0
24096743,49,3657,6-Oct-13,14-May-12,15-Jun-10,39,2890,0
25097101,5,2926,6-Aug-14,28-Feb-14,31-Jan-12,5,2926,0
23843134,15,3576,11-Jul-13,13-Feb-13,31-Dec-07,11,2939,1
29864216,68,3712,4-Jun-18,31-Jan-17,31-May-14,45,2977,0
24638894,5,2190,17-Mar-14,30-Jun-13,31-May-09,5,2992,0
28758203,48,3909,31-Jul-17,31-May-16,30-Jun-11,39,2996,0
26151766,18,3685,7-Jul-15,9-Mar-15,31-Dec-08,15,3033,1
24668137,8,1483,25-Mar-14,16-Oct-13,30-Jun-07,14,3041,0
23633318,18,3057,30-Apr-13,31-Oct-12,31-Aug-10,18,3057,0
27486835,5,3429,3-Aug-16,31-Jan-16,31-Aug-11,4,3103,0
28230244,25,3129,22-Feb-17,31-Dec-16,31-Dec-16,25,3129,0
23966209,5,3130,22-Aug-13,30-Jun-13,30-Apr-09,5,3130,0
25504418,48,4570,15-Dec-14,31-Jan-14,28-Feb-10,34,3149,1
28540716,24,5275,25-May-17,28-Mar-17,31-Aug-09,18,3157,1
26976529,18,8602,15-Mar-16,28-Sep-15,30-Apr-11,10,3232,0
28586127,15,4507,6-Jun-17,30-Jun-16,31-Oct-11,12,3241,0
23990391,25,3926,30-Aug-13,31-Mar-12,31-Jul-08,23,3289,0
18646161,9,3295,16-Jul-08,30-Nov-07,31-May-07,9,3295,1
23959763,25,5115,20-Aug-13,31-Jan-13,30-Nov-08,21,3367,1
28746980,31,3374,26-Jul-17,6-Feb-13,6-Feb-13,31,3374,0
29757454,38,3379,12-May-18,31-Aug-17,31-Aug-17,38,3379,0
28541603,5,3849,25-May-17,31-Mar-17,30-Nov-10,4,3399,1
23633346,7,4895,30-Apr-13,31-Dec-12,31-Oct-09,6,3425,0
22513904,19,3933,18-Apr-12,1-Feb-11,31-Aug-09,17,3431,1
22071828,23,6909,9-Nov-11,31-Jul-11,30-Jun-08,12,3435,0
22336796,11,3449,15-Feb-12,9-Nov-11,28-Feb-22,11,3449,1
26490945,10,10962,22-Oct-15,31-Jul-15,31-Jan-12,5,3473,1
28263370,13,5620,6-Mar-17,30-Sep-16,2-Jul-13,9,3502,0
28752910,50,6335,28-Jul-17,30-Sep-16,30-Apr-13,28,3548,1
24771480,37,5704,27-Apr-14,31-Mar-14,31-Jan-11,29,3571,0
26301526,15,3615,24-Aug-15,30-Nov-14,30-Nov-14,15,3615,0
26497573,14,7894,26-Oct-15,31-Jul-15,31-May-09,7,3626,0
20091516,28,3651,20-Jan-10,31-May-08,31-May-08,28,3651,0
25569281,54,5847,9-Jan-15,31-May-13,31-Dec-07,33,3784,0
26842929,18,4699,4-Feb-16,9-Dec-13,31-May-06,16,3824,0
27115326,3,3940,26-Apr-16,31-Dec-15,23-Oct-13,3,3940,0
24659261,37,5105,21-Mar-14,27-Apr-13,28-May-10,27,3944,0
24515533,4,3972,11-Feb-14,1-Dec-13,30-Apr-10,4,3972,0
25048608,27,9486,22-Jul-14,1-Sep-13,30-Nov-07,15,4116,1
22972088,62,5399,12-Sep-12,30-Jun-12,31-Oct-07,46,4135,0
24249315,35,5874,18-Nov-13,31-May-10,30-Apr-07,21,4215,0
23543549,20,4804,28-Mar-13,30-Nov-12,30-Sep-09,15,4262,0
21412871,70,4284,16-Mar-11,31-Mar-07,31-Mar-07,70,4284,0
29129039,23,8292,13-Nov-17,27-Nov-16,11-Feb-14,13,4357,1
24567053,21,4172,25-Feb-14,13-Nov-13,31-May-09,19,4365,1
27959472,50,4455,13-Dec-16,5-Sep-16,30-Sep-08,49,4385,0
23633348,9,4396,30-Apr-13,22-Apr-10,22-Apr-10,9,4396,1
25922860,1,4429,1-Feb-15,30-Nov-14,31-Jul-09,1,4429,0
22972092,19,5867,12-Sep-12,2-Dec-11,21-Apr-10,17,4492,0
27378324,29,5257,5-Jul-16,1-Jul-15,30-Nov-07,19,4500,1
25695213,16,5683,19-Feb-15,30-Jun-14,31-Jan-08,15,4500,0
26334436,2,4510,3-Sep-15,31-May-15,30-Sep-12,2,4510,0
26799160,14,5397,22-Jan-16,30-Jun-15,30-Jun-07,11,4766,0
23152245,42,4798,14-Nov-12,30-Sep-11,31-Jan-08,52,4781,1
23152252,10,4867,14-Nov-12,31-Jul-12,30-Nov-09,10,4867,0
24302546,29,5057,4-Dec-13,30-Nov-12,30-Apr-09,29,5057,0
25858345,13,5072,10-Apr-15,2-Mar-15,27-Mar-08,13,5122,0
25502052,20,7238,11-Dec-14,28-Aug-14,31-Jan-12,15,5253,1
25403701,9,4654,18-Nov-14,29-Aug-14,30-Jun-08,12,5257,0
24043476,7,5390,16-Sep-13,16-Apr-13,28-Feb-08,7,5390,0
22696376,19,5624,13-Jun-12,31-Jul-10,31-Jul-10,19,5624,1
26068955,61,9418,15-Jun-15,28-Feb-15,31-Dec-09,47,5657,1
26346329,22,7672,3-Sep-15,27-May-15,31-May-07,14,5781,0
28176333,12,6258,8-Feb-17,14-Sep-16,31-Mar-08,8,5794,1
26233609,32,6515,2-Aug-15,31-Aug-14,30-Apr-07,29,5970,0
29870574,70,9030,5-Jun-18,11-May-17,30-Apr-11,57,5977,0
22161409,7,5997,7-Dec-11,31-Aug-11,31-Aug-11,7,5997,0
23963739,13,8946,21-Aug-13,28-Jan-13,31-Jan-08,11,6187,1
26031211,17,8215,2-Jun-15,31-Jan-15,22-Jul-11,15,6217,1
26727124,2,6340,4-Jan-16,11-Nov-15,10-Oct-07,2,6340,0
22071837,7,6486,9-Nov-11,15-Feb-11,31-May-10,5,6486,0
26130017,81,11552,1-Jul-15,26-Jun-14,20-Mar-08,62,6538,0
22513942,12,6820,18-Apr-12,28-Feb-12,30-Jun-09,12,6820,0
22895950,6,7706,15-Aug-12,31-May-12,31-Mar-08,5,6963,0
22513944,23,9159,18-Apr-12,31-Jan-12,31-Jul-08,23,7076,0
29161458,25,10759,21-Nov-17,31-May-17,31-Jan-16,23,7219,0
24297389,22,7245,2-Dec-13,30-Sep-13,29-Apr-10,22,7245,0
29618171,21,10760,4-Apr-18,15-Nov-17,30-Nov-14,12,7529,0
22972098,14,7879,12-Sep-12,15-Feb-12,30-Nov-08,12,7638,0
26184394,7,7730,16-Jul-15,23-Mar-15,30-Apr-10,7,7730,0
26730878,64,15416,5-Jan-16,31-Jul-14,31-Dec-09,47,7865,0
28192644,5,8005,13-Feb-17,31-Dec-16,31-Oct-12,4,7876,0
25259677,22,8013,26-Sep-14,1-Sep-14,31-Oct-11,21,7941,0
24488572,102,49028,31-Jan-14,14-Mar-11,28-Feb-07,62,8206,0
24941907,70,9651,19-Jun-14,1-Mar-14,31-May-09,63,8547,0
25922862,25,8877,25-Feb-15,30-Sep-14,17-Mar-11,22,8612,0
27505053,10,9016,9-Aug-16,2-Aug-16,31-Oct-12,7,8882,0
25099517,30,4407,6-Aug-14,23-May-14,31-Aug-07,24,8909,0
28207928,75,11527,29-Apr-14,28-Feb-15,30-Sep-10,48,9207,0
21491393,89,9217,13-Apr-11,31-Dec-10,31-Jul-10,89,9217,1
24222334,18,9833,12-Nov-13,30-Sep-13,30-Sep-09,18,9833,0
25622306,66,22932,26-Jan-15,31-May-14,31-Mar-08,26,10251,1
29509959,13,14688,6-Mar-18,30-Sep-16,30-Jun-12,10,10274,0
28067944,71,10641,6-Jan-17,10-Apr-15,28-Feb-09,69,10445,0
22696352,33,11410,13-Jun-12,28-Feb-12,31-Dec-10,31,11206,0
25726920,28,17570,2-Mar-15,31-Aug-14,30-Apr-09,14,11270,0
26662928,5,9044,14-Dec-15,31-Aug-15,31-Jul-10,5,11447,0
23235623,60,33206,12-Dec-12,31-Mar-12,31-Jan-09,41,11754,1
29734470,42,23197,7-May-18,30-Apr-17,30-Apr-13,26,12578,0
23744625,29,17907,7-Jun-13,31-Aug-12,31-Oct-08,23,12696,1
24136036,60,21059,18-Oct-13,11-Jan-13,31-Oct-09,48,13085,1
22895944,24,13692,15-Aug-12,30-Apr-12,31-Oct-07,24,13692,0
23543548,40,18029,28-Mar-13,31-Aug-12,31-Oct-08,33,14234,0
25547090,16,15770,30-Dec-14,31-Jul-14,31-May-11,11,15735,0
26148507,94,24117,7-Jul-15,30-Nov-14,28-Feb-11,69,16158,1
29533470,88,16998,13-Mar-18,30-Jun-13,30-Jun-13,89,17008,1
24515610,63,19028,11-Feb-14,31-Mar-13,31-Mar-10,61,17687,0
23076923,25,27463,17-Oct-12,25-Jan-12,15-Dec-08,22,19784,1
24218045,56,6004,12-Nov-13,31-Jan-12,31-Dec-06,26,19915,0
26457723,47,24710,12-Oct-15,31-May-15,31-Jul-12,38,21526,0
27290722,25,3663,12-Jun-16,14-Apr-16,22-Feb-12,23,22932,0
25046211,22,23309,21-Jul-14,28-Feb-12,28-Feb-12,22,23309,1
23440809,12,35430,31-Jan-13,28-Feb-12,31-Aug-08,8,24247,0
28922704,210,25041,18-Sep-17,31-Oct-16,31-Oct-16,210,25041,1
21975754,71,28073,5-Oct-11,30-Jun-11,31-Mar-09,74,25590,0
29480555,14,25708,26-Feb-18,30-Apr-16,30-Apr-16,14,25708,0
23076892,37,26353,17-Oct-12,21-Jun-12,2-Apr-09,36,25985,0
27009521,53,33295,24-Mar-16,31-Jul-15,31-Jul-12,41,27616,0
24671922,57,35918,1-Mar-14,30-Sep-13,31-Oct-07,36,35570,0
26171896,12,39933,14-Jul-15,30-Mar-15,30-Sep-09,12,39933,0
23152260,48,62419,14-Nov-12,31-May-12,31-Oct-11,43,54993,0
22972103,159,79244,12-Sep-12,28-Feb-12,31-May-08,111,55435,1
24414552,56,59514,10-Jan-14,28-Feb-12,31-Jan-11,50,58309,0
28282701,50,37327,10-Mar-17,31-Mar-16,31-Mar-10,46,63051,0
24683040,67,93804,30-Mar-14,28-Feb-13,28-Feb-11,55,66663,0
26839116,53,70889,3-Feb-16,30-Nov-15,31-Dec-08,41,86244,0
